"area","cases"
"Ontario",3255
"British Columbia",1174
"Quebec",6101
"Alberta",1075
"Saskatchewan",220
"Manitoba",164
"New Brunswick",95
"Newfoundland and Labrador",183
"Nova Scotia",207
"Prince Edward Island",22
"Yukon",6
"Northwest Territories",4
"Nunavut",0